id,name,email,phone,address
1-8,johnny smith,johnny.smith@gmail.com,9876543210,New York
3-10,janet doe,jane.doe@email.com,9123456780,California
5-12,robert brown,robert.brown@mail.com,9001112223,Texas
13-15,alice johnson,alice.johnson@mail.com,9012345678,Florida
16-17,michael lee,michael.lee@gmail.com,9988776655,Nevada
18-19,sarah connor,sarah.connor@mail.com,9345678123,Arizona
20-21,david miller,david.miller@mail.com,9554433221,Ohio
22-30,priyaa sharma,priya.sharma@gmail.com,8899123456,Mumbai
23-28,arjun mehtha,arjun.mehta@yahoo.com,9811122233,Delhi
24-36,rahul verma,rahul.verma@outlook.com,9000012345,Bangalore
25-34,neha kapoorr,neha.kapoor@gmail.com,7765432190,Pune
26-32,karthik reddy,karthik.reddy@mail.com,9845012345,Hyderabad
27,sneha iyer,sneha.iyer@gmail.com,8754433221,Chennai
29,riya singh,riya.singh@mail.com,8899776655,Jaipur
31,vikram patel,vikram.patel@mail.com,9123409876,Ahmedabad
33,aman gupta,aman.gupta@gmail.com,9988123456,Lucknow
35,daniel thomas,daniel.thomas@mail.com,9870011223,Kochi
37-41,anjali desai,anjali.desai@gmail.com,9090901234,Surat
38-42,marcus allen,marcus.allen@mail.com,7700112233,Boston
39-44,rohan kulkarni,rohan.kulkarni@outlook.com,8877665544,Nagpur
40,emily clark,emily.clark@gmail.com,6655443322,Seattle
43,divya nair,divya.nair@mail.com,9123098765,Trivandrum
45-46,christopher stone,christopher.stone@gmail.com,8011223344,Denver
47-48,meeraa joshi,meera.joshi@yahoo.com,9786501234,Indore
49,liam johnson,liam.johnson@mail.com,7344556677,Chicago
50,olivia martin,olivia.martin@gmail.com,8455667788,Austin
51,rohit bansal,rohit.bansal@gmail.com,9933445566,Noida
